Gene Symbol,Gene ID,PCC,Tumor
MAL2,ENSG00000147676.13,0.65,KICH Tumor
CLDN7,ENSG00000181885.18,0.62,KICH Tumor
C11orf52,ENSG00000149300.9,0.6,KICH Tumor
CDS1,ENSG00000163624.5,0.59,KICH Tumor
AP5B1,ENSG00000254470.2,0.58,KICH Tumor
PDXDC1,ENSG00000179889.18,0.57,KICH Tumor
SYAP1,ENSG00000169895.5,0.57,KICH Tumor
CTSD,ENSG00000117984.12,0.57,KICH Tumor
LANCL2,ENSG00000132434.9,0.57,KICH Tumor
RPS6KA2,ENSG00000071242.11,0.56,KICH Tumor
SPTSSA,ENSG00000165389.6,0.56,KICH Tumor
PPCS,ENSG00000127125.8,0.56,KICH Tumor
TMED10,ENSG00000170348.8,0.55,KICH Tumor
AGA,ENSG00000038002.8,0.55,KICH Tumor
ARAP2,ENSG00000047365.11,0.55,KICH Tumor
CDC42,ENSG00000070831.15,0.55,KICH Tumor
OGDH,ENSG00000105953.14,0.55,KICH Tumor
MTCH2,ENSG00000109919.9,0.55,KICH Tumor
CTAGE5,ENSG00000150527.16,0.54,KICH Tumor
LYN,ENSG00000254087.7,0.54,KICH Tumor
IFNLR1,ENSG00000185436.11,0.54,KICH Tumor
BSND,ENSG00000162399.6,0.54,KICH Tumor
PRSS16,ENSG00000112812.15,0.54,KICH Tumor
ABCA5,ENSG00000154265.15,0.54,KICH Tumor
SMCO4,ENSG00000166002.6,0.54,KICH Tumor
INADL,ENSG00000132849.18,0.54,KICH Tumor
LAP3,ENSG00000002549.12,0.54,KICH Tumor
SAMD12,ENSG00000177570.13,0.53,KICH Tumor
SORL1,ENSG00000137642.12,0.53,KICH Tumor
CDC42BPG,ENSG00000171219.8,0.53,KICH Tumor
HARBI1,ENSG00000180423.4,0.53,KICH Tumor
ATP6V0D1,ENSG00000159720.11,0.53,KICH Tumor
KIAA0232,ENSG00000170871.11,0.53,KICH Tumor
MIEF2,ENSG00000177427.12,0.53,KICH Tumor
ALPK3,ENSG00000136383.6,0.53,KICH Tumor
SPINT1,ENSG00000166145.14,0.52,KICH Tumor
PAK1,ENSG00000149269.9,0.52,KICH Tumor
CMPK1,ENSG00000162368.13,0.52,KICH Tumor
MYO6,ENSG00000196586.13,0.52,KICH Tumor
BSDC1,ENSG00000160058.18,0.52,KICH Tumor
EXD2,ENSG00000081177.18,0.52,KICH Tumor
LRBA,ENSG00000198589.10,0.52,KICH Tumor
MCCC2,ENSG00000131844.15,0.52,KICH Tumor
PI4K2B,ENSG00000038210.12,0.52,KICH Tumor
GCLM,ENSG00000023909.9,0.52,KICH Tumor
EIF4G2,ENSG00000110321.15,0.52,KICH Tumor
EPB41,ENSG00000159023.18,0.52,KICH Tumor
PBDC1,ENSG00000102390.10,0.51,KICH Tumor
CRADD,ENSG00000169372.12,0.51,KICH Tumor
HECTD1,ENSG00000092148.12,0.51,KICH Tumor
STK3,ENSG00000104375.15,0.51,KICH Tumor
WDR1,ENSG00000071127.16,0.51,KICH Tumor
SNX2,ENSG00000205302.6,0.51,KICH Tumor
ARHGEF38,ENSG00000236699.8,0.51,KICH Tumor
BAG5,ENSG00000166170.9,0.51,KICH Tumor
DAAM1,ENSG00000100592.15,0.51,KICH Tumor
SH3RF1,ENSG00000154447.14,0.51,KICH Tumor
DLG3,ENSG00000082458.11,0.51,KICH Tumor
RP11-565P22.6,ENSG00000254706.2,0.51,KICH Tumor
F11R,ENSG00000158769.17,0.51,KICH Tumor
USP27X-AS1,ENSG00000234390.4,0.51,KICH Tumor
CYCS,ENSG00000172115.8,0.51,KICH Tumor
TLR5,ENSG00000187554.11,0.51,KICH Tumor
MTM1,ENSG00000171100.14,0.51,KICH Tumor
MAGT1,ENSG00000102158.19,0.51,KICH Tumor
TTC19,ENSG00000011295.15,0.51,KICH Tumor
WDR20,ENSG00000140153.17,0.51,KICH Tumor
GALM,ENSG00000143891.16,0.51,KICH Tumor
NNT,ENSG00000112992.16,0.51,KICH Tumor
MAPK1IP1L,ENSG00000168175.14,0.51,KICH Tumor
FBXL14,ENSG00000171823.6,0.51,KICH Tumor
EPCAM,ENSG00000119888.10,0.51,KICH Tumor
ABCD3,ENSG00000117528.11,0.51,KICH Tumor
RAP1A,ENSG00000116473.14,0.5,KICH Tumor
TMEM167B,ENSG00000215717.5,0.5,KICH Tumor
LRRC8B,ENSG00000197147.12,0.5,KICH Tumor
SPAG1,ENSG00000104450.12,0.5,KICH Tumor
CYB561,ENSG00000008283.15,0.5,KICH Tumor
ADCK1,ENSG00000063761.15,0.5,KICH Tumor
ZNF292,ENSG00000188994.12,0.5,KICH Tumor
CEP85,ENSG00000130695.13,0.5,KICH Tumor
FRK,ENSG00000111816.7,0.5,KICH Tumor
ZSCAN31,ENSG00000235109.7,0.5,KICH Tumor
SRSF8,ENSG00000263465.3,0.5,KICH Tumor
ESRP1,ENSG00000104413.15,0.5,KICH Tumor
SRPR,ENSG00000182934.11,0.5,KICH Tumor
AKIRIN2,ENSG00000135334.8,0.5,KICH Tumor
GRSF1,ENSG00000132463.13,0.5,KICH Tumor
RAB19,ENSG00000146955.10,0.5,KICH Tumor
AMMECR1,ENSG00000101935.9,0.5,KICH Tumor
NBPF3,ENSG00000142794.18,0.5,KICH Tumor
ARFGEF3,ENSG00000112379.8,0.5,KICH Tumor
PLEKHA7,ENSG00000166689.14,0.5,KICH Tumor
ENOPH1,ENSG00000145293.14,0.5,KICH Tumor
TMEM70,ENSG00000175606.10,0.5,KICH Tumor
COX18,ENSG00000163626.16,0.5,KICH Tumor
CD226,ENSG00000150637.8,0.5,KICH Tumor
HADH,ENSG00000138796.15,0.5,KICH Tumor
FICD,ENSG00000198855.6,0.5,KICH Tumor
RAB9A,ENSG00000123595.6,0.5,KICH Tumor
RAB11FIP4,ENSG00000131242.15,0.5,KICH Tumor
AP001258.4,ENSG00000245571.6,0.5,KICH Tumor
LACTB2,ENSG00000147592.8,0.5,KICH Tumor
FAM199X,ENSG00000123575.8,0.5,KICH Tumor
CPT2,ENSG00000157184.5,0.5,KICH Tumor
STX3,ENSG00000166900.14,0.5,KICH Tumor
HLA-DOA,ENSG00000204252.12,0.5,KICH Tumor
CCNC,ENSG00000112237.12,0.5,KICH Tumor
PLEKHG3,ENSG00000126822.15,0.5,KICH Tumor
KDF1,ENSG00000175707.8,0.5,KICH Tumor
ETFA,ENSG00000140374.15,0.49,KICH Tumor
AC093642.5,ENSG00000220804.8,0.49,KICH Tumor
PIP4K2C,ENSG00000166908.17,0.49,KICH Tumor
OSBP,ENSG00000110048.11,0.49,KICH Tumor
GTF2B,ENSG00000137947.11,0.49,KICH Tumor
PSMC1,ENSG00000100764.13,0.49,KICH Tumor
SLC10A7,ENSG00000120519.14,0.49,KICH Tumor
ARSD,ENSG00000006756.15,0.49,KICH Tumor
FAM133B,ENSG00000234545.7,0.49,KICH Tumor
UBXN2B,ENSG00000215114.7,0.49,KICH Tumor
MARK2,ENSG00000072518.20,0.49,KICH Tumor
CNTF,ENSG00000242689.2,0.49,KICH Tumor
SPPL2A,ENSG00000138600.9,0.49,KICH Tumor
FUNDC1,ENSG00000069509.5,0.49,KICH Tumor
PACSIN2,ENSG00000100266.17,0.49,KICH Tumor
MRPL49,ENSG00000149792.8,0.49,KICH Tumor
CHMP4C,ENSG00000164695.4,0.49,KICH Tumor
RAB3IP,ENSG00000127328.21,0.49,KICH Tumor
LARP1B,ENSG00000138709.17,0.49,KICH Tumor
RHPN2,ENSG00000131941.7,0.49,KICH Tumor
CASP6,ENSG00000138794.9,0.49,KICH Tumor
CTNND1,ENSG00000198561.12,0.49,KICH Tumor
DTWD2,ENSG00000169570.9,0.49,KICH Tumor
SLC35A3,ENSG00000117620.12,0.49,KICH Tumor
CYP7B1,ENSG00000172817.3,0.49,KICH Tumor
ATP6V1H,ENSG00000047249.16,0.49,KICH Tumor
RBM47,ENSG00000163694.14,0.49,KICH Tumor
MAP3K9,ENSG00000006432.15,0.49,KICH Tumor
RP11-18H21.1,ENSG00000245954.6,0.48,KICH Tumor
ZFP91,ENSG00000186660.14,0.48,KICH Tumor
EIF2B2,ENSG00000119718.10,0.48,KICH Tumor
EI24,ENSG00000149547.14,0.48,KICH Tumor
STK40,ENSG00000196182.10,0.48,KICH Tumor
TBRG1,ENSG00000154144.12,0.48,KICH Tumor
PDHX,ENSG00000110435.11,0.48,KICH Tumor
MID2,ENSG00000080561.13,0.48,KICH Tumor
COQ2,ENSG00000173085.13,0.48,KICH Tumor
RP11-147L13.11,ENSG00000278730.1,0.48,KICH Tumor
MUL1,ENSG00000090432.6,0.48,KICH Tumor
PPM1H,ENSG00000111110.11,0.48,KICH Tumor
UEVLD,ENSG00000151116.16,0.48,KICH Tumor
MARK1,ENSG00000116141.15,0.48,KICH Tumor
MANBA,ENSG00000109323.8,0.48,KICH Tumor
BTBD7,ENSG00000011114.14,0.48,KICH Tumor
ADGRE3,ENSG00000131355.14,0.48,KICH Tumor
SH3YL1,ENSG00000035115.21,0.48,KICH Tumor
FYB,ENSG00000082074.15,0.48,KICH Tumor
PSMA3,ENSG00000100567.12,0.48,KICH Tumor
ISOC1,ENSG00000066583.11,0.48,KICH Tumor
RN7SL268P,ENSG00000244425.3,0.48,KICH Tumor
FNBP1L,ENSG00000137942.16,0.48,KICH Tumor
NUBPL,ENSG00000151413.16,0.48,KICH Tumor
RP11-286N22.8,ENSG00000256591.5,0.48,KICH Tumor
NT5DC1,ENSG00000178425.13,0.48,KICH Tumor
CLINT1,ENSG00000113282.13,0.48,KICH Tumor
APOOL,ENSG00000155008.13,0.48,KICH Tumor
PLA2G12A,ENSG00000123739.10,0.48,KICH Tumor
SCP2,ENSG00000116171.16,0.48,KICH Tumor
PGM1,ENSG00000079739.15,0.47,KICH Tumor
MYO5B,ENSG00000167306.18,0.47,KICH Tumor
CTR9,ENSG00000198730.7,0.47,KICH Tumor
CBR4,ENSG00000145439.11,0.47,KICH Tumor
SEC23B,ENSG00000101310.14,0.47,KICH Tumor
DDX3X,ENSG00000215301.9,0.47,KICH Tumor
ZXDA,ENSG00000198205.6,0.47,KICH Tumor
KCTD18,ENSG00000155729.12,0.47,KICH Tumor
XXbac-BPG246D15.9,ENSG00000250264.1,0.47,KICH Tumor
MAP7,ENSG00000135525.18,0.47,KICH Tumor
KLHL13,ENSG00000003096.13,0.47,KICH Tumor
NCK1-AS1,ENSG00000239213.5,0.47,KICH Tumor
FGF13,ENSG00000129682.13,0.47,KICH Tumor
AP1B1,ENSG00000100280.16,0.47,KICH Tumor
DLST,ENSG00000119689.14,0.47,KICH Tumor
DCAF11,ENSG00000100897.17,0.47,KICH Tumor
RP11-266A24.1,ENSG00000255418.5,0.47,KICH Tumor
MR1,ENSG00000153029.14,0.47,KICH Tumor
DPP3,ENSG00000254986.7,0.47,KICH Tumor
B2M,ENSG00000166710.17,0.47,KICH Tumor
LIN7C,ENSG00000148943.11,0.47,KICH Tumor
SLC37A1,ENSG00000160190.13,0.47,KICH Tumor
VAMP8,ENSG00000118640.10,0.47,KICH Tumor
ALG12,ENSG00000182858.13,0.47,KICH Tumor
SCYL2,ENSG00000136021.17,0.47,KICH Tumor
STX12,ENSG00000117758.13,0.47,KICH Tumor
BTBD1,ENSG00000064726.9,0.47,KICH Tumor
PDF,ENSG00000258429.1,0.47,KICH Tumor
NDUFC2,ENSG00000151366.12,0.47,KICH Tumor
NBN,ENSG00000104320.13,0.47,KICH Tumor
DLAT,ENSG00000150768.15,0.47,KICH Tumor
HYOU1,ENSG00000149428.18,0.47,KICH Tumor
LARGE,ENSG00000133424.20,0.47,KICH Tumor
TP53INP2,ENSG00000078804.12,0.47,KICH Tumor
TRIM68,ENSG00000167333.12,0.47,KICH Tumor
SCYL3,ENSG00000000457.13,0.47,KICH Tumor
LAMTOR3,ENSG00000109270.12,0.47,KICH Tumor
HOOK1,ENSG00000134709.10,0.47,KICH Tumor
DIAPH1,ENSG00000131504.15,0.47,KICH Tumor
PEX26,ENSG00000215193.12,0.47,KICH Tumor
RP11-1148L6.9,ENSG00000204620.3,0.47,KICH Tumor
GPATCH2L,ENSG00000089916.17,0.47,KICH Tumor
NFATC2,ENSG00000101096.19,0.47,KICH Tumor
ZNRF2,ENSG00000180233.10,0.47,KICH Tumor
RALGAPA1P,ENSG00000229419.1,0.47,KICH Tumor
HLA-DMB,ENSG00000242574.8,0.46,KICH Tumor
ZNF195,ENSG00000005801.16,0.46,KICH Tumor
PSMC6,ENSG00000100519.11,0.46,KICH Tumor
PPA2,ENSG00000138777.19,0.46,KICH Tumor
COPB1,ENSG00000129083.12,0.46,KICH Tumor
KRAS,ENSG00000133703.11,0.46,KICH Tumor
COMMD8,ENSG00000169019.10,0.46,KICH Tumor
BSPRY,ENSG00000119411.10,0.46,KICH Tumor
BCAS2,ENSG00000116752.5,0.46,KICH Tumor
MRPS28,ENSG00000147586.9,0.46,KICH Tumor
PIK3AP1,ENSG00000155629.14,0.46,KICH Tumor
KRBA2,ENSG00000184619.3,0.46,KICH Tumor
ARFGAP3,ENSG00000242247.10,0.46,KICH Tumor
YTHDF2,ENSG00000198492.14,0.46,KICH Tumor
ZW10,ENSG00000086827.8,0.46,KICH Tumor
MFSD6,ENSG00000151690.14,0.46,KICH Tumor
EIF2AK3,ENSG00000172071.11,0.46,KICH Tumor
RP11-549B18.1,ENSG00000259985.1,0.46,KICH Tumor
PTPN4,ENSG00000088179.8,0.46,KICH Tumor
PGK1,ENSG00000102144.13,0.46,KICH Tumor
C12orf42,ENSG00000179088.14,0.46,KICH Tumor
RRAGD,ENSG00000025039.14,0.46,KICH Tumor
CSRP2,ENSG00000175183.9,0.46,KICH Tumor
C4orf29,ENSG00000164074.14,0.46,KICH Tumor
NFRKB,ENSG00000170322.14,0.46,KICH Tumor
TOLLIP,ENSG00000078902.15,0.46,KICH Tumor
PRMT3,ENSG00000185238.12,0.46,KICH Tumor
GMFB,ENSG00000197045.12,0.46,KICH Tumor
APLP2,ENSG00000084234.16,0.46,KICH Tumor
PRICKLE3,ENSG00000012211.12,0.46,KICH Tumor
PHKB,ENSG00000102893.15,0.46,KICH Tumor
AMBRA1,ENSG00000110497.14,0.46,KICH Tumor
ACER3,ENSG00000078124.11,0.46,KICH Tumor
VPS26B,ENSG00000151502.10,0.46,KICH Tumor
ACTR3C,ENSG00000106526.10,0.46,KICH Tumor
MPZL3,ENSG00000160588.9,0.46,KICH Tumor
SORBS2,ENSG00000154556.17,0.46,KICH Tumor
MAN2B2,ENSG00000013288.8,0.46,KICH Tumor
MRPL13,ENSG00000172172.7,0.46,KICH Tumor
SQSTM1,ENSG00000161011.19,0.46,KICH Tumor
DNAJC3,ENSG00000102580.14,0.46,KICH Tumor
GRPEL1,ENSG00000109519.12,0.46,KICH Tumor
LRRC37A16P,ENSG00000267023.5,0.46,KICH Tumor
SAMD5,ENSG00000203727.3,0.46,KICH Tumor
CHMP2B,ENSG00000083937.8,0.46,KICH Tumor
DCAF5,ENSG00000139990.17,0.46,KICH Tumor
ZNF641,ENSG00000167528.12,0.46,KICH Tumor
ZNF567,ENSG00000189042.13,0.46,KICH Tumor
ARFIP1,ENSG00000164144.14,0.46,KICH Tumor
RP11-728F11.4,ENSG00000254528.7,0.45,KICH Tumor
SDHD,ENSG00000204370.8,0.45,KICH Tumor
MAD2L1BP,ENSG00000124688.13,0.45,KICH Tumor
LMF1,ENSG00000103227.18,0.45,KICH Tumor
FAM187B2P,ENSG00000262497.1,0.45,KICH Tumor
AC009495.2,ENSG00000235192.1,0.45,KICH Tumor
LGMN,ENSG00000100600.14,0.45,KICH Tumor
PKP2,ENSG00000057294.13,0.45,KICH Tumor
ZNF876P,ENSG00000198155.5,0.45,KICH Tumor
GPR18,ENSG00000125245.12,0.45,KICH Tumor
ZMYM6,ENSG00000163867.16,0.45,KICH Tumor
EFNA1,ENSG00000169242.11,0.45,KICH Tumor
STAG3L4,ENSG00000106610.14,0.45,KICH Tumor
C11orf71,ENSG00000282682.1,0.45,KICH Tumor
DNAJA2,ENSG00000069345.11,0.45,KICH Tumor
USP28,ENSG00000048028.11,0.45,KICH Tumor
CLDN4,ENSG00000189143.9,0.45,KICH Tumor
KIAA0319L,ENSG00000142687.17,0.45,KICH Tumor
PIK3C2A,ENSG00000011405.13,0.45,KICH Tumor
ARCN1,ENSG00000095139.13,0.45,KICH Tumor
NFKB1,ENSG00000109320.11,0.45,KICH Tumor
SPARCL1,ENSG00000152583.12,0.45,KICH Tumor
MTHFR,ENSG00000177000.10,0.45,KICH Tumor
HPGDS,ENSG00000163106.10,0.45,KICH Tumor
STXBP3,ENSG00000116266.10,0.45,KICH Tumor
NEDD9,ENSG00000111859.16,0.45,KICH Tumor
ASAH1,ENSG00000104763.17,0.45,KICH Tumor
MOSPD1,ENSG00000101928.12,0.45,KICH Tumor
AGL,ENSG00000162688.15,0.45,KICH Tumor
PPM1A,ENSG00000100614.17,0.45,KICH Tumor
RP4-592A1.2,ENSG00000185839.3,0.45,KICH Tumor
NTN1,ENSG00000065320.8,0.45,KICH Tumor
UBE2W,ENSG00000104343.19,0.45,KICH Tumor
WDR44,ENSG00000131725.13,0.45,KICH Tumor
TRAPPC9,ENSG00000167632.14,0.45,KICH Tumor
FAM83F,ENSG00000133477.16,0.45,KICH Tumor
AK2,ENSG00000004455.16,0.45,KICH Tumor
ATG5,ENSG00000057663.12,0.45,KICH Tumor
RALGAPA1,ENSG00000174373.15,0.45,KICH Tumor
ZBTB1,ENSG00000126804.13,0.45,KICH Tumor
RP11-33B1.1,ENSG00000245958.6,0.45,KICH Tumor
SRP9,ENSG00000143742.12,0.45,KICH Tumor
MRPS35,ENSG00000061794.12,0.45,KICH Tumor
NDRG1,ENSG00000104419.14,0.45,KICH Tumor
CAPN1,ENSG00000014216.15,0.45,KICH Tumor
UBE4A,ENSG00000110344.9,0.45,KICH Tumor
SLC25A13,ENSG00000004864.13,0.45,KICH Tumor
CXorf23,ENSG00000173681.16,0.45,KICH Tumor
TCEB1P19,ENSG00000241975.1,0.45,KICH Tumor
RBBP4P1,ENSG00000249485.1,0.45,KICH Tumor
PSMC1P1,ENSG00000241506.1,0.45,KICH Tumor
DTD2,ENSG00000129480.12,0.45,KICH Tumor
TMEM106B,ENSG00000106460.18,0.45,KICH Tumor
PRRG2,ENSG00000126460.10,0.45,KICH Tumor
CTC-429P9.4,ENSG00000268790.5,0.45,KICH Tumor
IKZF3,ENSG00000161405.16,0.45,KICH Tumor
CYB561D1,ENSG00000174151.14,0.45,KICH Tumor
SEC24A,ENSG00000113615.12,0.45,KICH Tumor
PSEN1,ENSG00000080815.18,0.45,KICH Tumor
SLC25A17,ENSG00000100372.14,0.45,KICH Tumor
TP73-AS1,ENSG00000227372.10,0.45,KICH Tumor
PGGT1B,ENSG00000164219.9,0.45,KICH Tumor
C14orf28,ENSG00000179476.7,0.45,KICH Tumor
NAT1,ENSG00000171428.13,0.45,KICH Tumor
SAMD9L,ENSG00000177409.11,0.45,KICH Tumor
RASGRP3,ENSG00000152689.17,0.45,KICH Tumor
CD59,ENSG00000085063.14,0.45,KICH Tumor
KBTBD4,ENSG00000123444.13,0.45,KICH Tumor
NFE2L1,ENSG00000082641.15,0.45,KICH Tumor
AC005281.2,ENSG00000225606.1,0.45,KICH Tumor
RCAN3,ENSG00000117602.11,0.45,KICH Tumor
CLIP1,ENSG00000130779.19,0.45,KICH Tumor
ZNF330,ENSG00000109445.10,0.45,KICH Tumor
SIAE,ENSG00000110013.12,0.45,KICH Tumor
SLC31A1,ENSG00000136868.10,0.45,KICH Tumor
SMIM14,ENSG00000163683.11,0.45,KICH Tumor
SDHC,ENSG00000143252.14,0.45,KICH Tumor
TSPAN17,ENSG00000048140.17,0.45,KICH Tumor
EIF2S1,ENSG00000134001.12,0.45,KICH Tumor
HNRNPH2,ENSG00000126945.8,0.45,KICH Tumor
RAB2A,ENSG00000104388.14,0.44,KICH Tumor
BTC,ENSG00000174808.11,0.44,KICH Tumor
ASB8,ENSG00000177981.10,0.44,KICH Tumor
SPRY3,ENSG00000168939.10,0.44,KICH Tumor
TBC1D4,ENSG00000136111.12,0.44,KICH Tumor
SRP54,ENSG00000100883.11,0.44,KICH Tumor
C8orf33,ENSG00000182307.12,0.44,KICH Tumor
CTSS,ENSG00000163131.10,0.44,KICH Tumor
C12orf49,ENSG00000111412.5,0.44,KICH Tumor
PAQR3,ENSG00000163291.14,0.44,KICH Tumor
THRAP3,ENSG00000054118.13,0.44,KICH Tumor
GPR160,ENSG00000173890.16,0.44,KICH Tumor
TMBIM6,ENSG00000139644.12,0.44,KICH Tumor
PSMC2,ENSG00000161057.10,0.44,KICH Tumor
RP11-120K19.3,ENSG00000279236.1,0.44,KICH Tumor
API5,ENSG00000166181.12,0.44,KICH Tumor
SAR1B,ENSG00000152700.13,0.44,KICH Tumor
LRPAP1,ENSG00000163956.10,0.44,KICH Tumor
HLA-DPB1,ENSG00000223865.10,0.44,KICH Tumor
SPINT2,ENSG00000167642.12,0.44,KICH Tumor
ZBTB7B,ENSG00000160685.13,0.44,KICH Tumor
DNASE2,ENSG00000105612.8,0.44,KICH Tumor
DLD,ENSG00000091140.12,0.44,KICH Tumor
HSD17B4,ENSG00000133835.14,0.44,KICH Tumor
PRR13,ENSG00000205352.10,0.44,KICH Tumor
TANGO2,ENSG00000183597.15,0.44,KICH Tumor
CLPB,ENSG00000162129.12,0.44,KICH Tumor
ZNF138,ENSG00000197008.9,0.44,KICH Tumor
CCR6,ENSG00000112486.14,0.44,KICH Tumor
HCP5,ENSG00000206337.10,0.44,KICH Tumor
ARHGEF16,ENSG00000130762.14,0.44,KICH Tumor
WARS,ENSG00000140105.17,0.44,KICH Tumor
HMGCR,ENSG00000113161.15,0.44,KICH Tumor
TJP1,ENSG00000104067.16,0.44,KICH Tumor
TMCO4,ENSG00000162542.13,0.44,KICH Tumor
C6orf106,ENSG00000196821.9,0.44,KICH Tumor
CXorf38,ENSG00000185753.12,0.44,KICH Tumor
PRDM16,ENSG00000142611.16,0.44,KICH Tumor
GPR149,ENSG00000174948.5,0.44,KICH Tumor
MFSD9,ENSG00000135953.10,0.44,KICH Tumor
TC2N,ENSG00000165929.12,0.44,KICH Tumor
RP11-247L20.3,ENSG00000258857.1,0.44,KICH Tumor
GMDS,ENSG00000112699.10,0.44,KICH Tumor
LRP10,ENSG00000197324.8,0.44,KICH Tumor
POLR2A,ENSG00000181222.14,0.44,KICH Tumor
ENDOD1,ENSG00000149218.4,0.44,KICH Tumor
MYO5C,ENSG00000128833.12,0.44,KICH Tumor
SC5D,ENSG00000109929.9,0.44,KICH Tumor
ST5,ENSG00000166444.17,0.44,KICH Tumor
GPR141,ENSG00000187037.8,0.44,KICH Tumor
HLA-DPA1,ENSG00000231389.7,0.44,KICH Tumor
SAMD12-AS1,ENSG00000281641.2,0.44,KICH Tumor
NPEPPS,ENSG00000141279.15,0.44,KICH Tumor
TIMM8A,ENSG00000126953.5,0.44,KICH Tumor
ABHD3,ENSG00000158201.9,0.44,KICH Tumor
IFIH1,ENSG00000115267.5,0.44,KICH Tumor
COQ7,ENSG00000167186.10,0.44,KICH Tumor
POM121,ENSG00000196313.11,0.44,KICH Tumor
AMPD3,ENSG00000133805.15,0.44,KICH Tumor
RP11-452L6.5,ENSG00000260267.1,0.44,KICH Tumor
GOT2,ENSG00000125166.12,0.44,KICH Tumor
EXT2,ENSG00000151348.13,0.44,KICH Tumor
HDX,ENSG00000165259.13,0.44,KICH Tumor
CTAGE11P,ENSG00000214249.3,0.44,KICH Tumor
CRB3,ENSG00000130545.15,0.44,KICH Tumor
TMLHE,ENSG00000185973.10,0.44,KICH Tumor
RP2,ENSG00000102218.5,0.44,KICH Tumor
CNTNAP3,ENSG00000106714.17,0.44,KICH Tumor
KIAA1107,ENSG00000069712.10,0.44,KICH Tumor
SLC25A11,ENSG00000108528.13,0.44,KICH Tumor
PNPO,ENSG00000108439.9,0.44,KICH Tumor
DIRC2,ENSG00000138463.8,0.44,KICH Tumor
AHCYL1,ENSG00000168710.17,0.44,KICH Tumor
ARFGEF2,ENSG00000124198.8,0.44,KICH Tumor
PLS3,ENSG00000102024.17,0.44,KICH Tumor
MBOAT1,ENSG00000172197.10,0.44,KICH Tumor
RBM12B-AS1,ENSG00000279331.1,0.44,KICH Tumor
PRCP,ENSG00000137509.10,0.44,KICH Tumor
TMEM59,ENSG00000116209.11,0.44,KICH Tumor
ZXDB,ENSG00000198455.4,0.44,KICH Tumor
IMMP2L,ENSG00000184903.9,0.44,KICH Tumor
HSPA4L,ENSG00000164070.11,0.44,KICH Tumor
PAFAH2,ENSG00000158006.13,0.44,KICH Tumor
LINC01348,ENSG00000280587.1,0.44,KICH Tumor
MYCBP,ENSG00000214114.8,0.44,KICH Tumor
CDH1,ENSG00000039068.18,0.44,KICH Tumor
TMEM116,ENSG00000198270.12,0.44,KICH Tumor
AFF1,ENSG00000172493.20,0.44,KICH Tumor
APOBEC3B,ENSG00000179750.15,0.44,KICH Tumor
PLEKHF2,ENSG00000175895.3,0.44,KICH Tumor
ZNF433,ENSG00000197647.11,0.44,KICH Tumor
ANKRD44,ENSG00000065413.16,0.44,KICH Tumor
RP11-574F21.2,ENSG00000228606.1,0.44,KICH Tumor
ANKRD18EP,ENSG00000217165.1,0.44,KICH Tumor
ZDHHC13,ENSG00000177054.13,0.44,KICH Tumor
RP11-191G24.1,ENSG00000227070.1,0.44,KICH Tumor
PNPLA8,ENSG00000135241.16,0.44,KICH Tumor
TTF2,ENSG00000116830.11,0.44,KICH Tumor
LRRC47,ENSG00000130764.9,0.44,KICH Tumor
TAPBPL,ENSG00000139192.11,0.44,KICH Tumor
NXT2,ENSG00000101888.11,0.44,KICH Tumor
ARMCX5,ENSG00000125962.14,0.44,KICH Tumor
RBM41,ENSG00000089682.16,0.44,KICH Tumor
NAGA,ENSG00000198951.11,0.44,KICH Tumor
FMR1,ENSG00000102081.13,0.44,KICH Tumor
ZNF410,ENSG00000119725.17,0.44,KICH Tumor
CBWD3,ENSG00000196873.15,0.44,KICH Tumor
RDX,ENSG00000137710.14,0.44,KICH Tumor
UCHL3,ENSG00000118939.17,0.44,KICH Tumor
EGLN1,ENSG00000135766.8,0.44,KICH Tumor
METAP1,ENSG00000164024.11,0.44,KICH Tumor
C1orf226,ENSG00000239887.4,0.44,KICH Tumor
CD81,ENSG00000110651.11,0.44,KICH Tumor
SLC35E3,ENSG00000175782.9,0.44,KICH Tumor
RP11-421P23.2,ENSG00000254040.1,0.44,KICH Tumor
MFSD8,ENSG00000164073.9,0.44,KICH Tumor
RTCB,ENSG00000100220.11,0.44,KICH Tumor
ABCC11,ENSG00000121270.15,0.44,KICH Tumor
BTN2A2,ENSG00000124508.16,0.43,KICH Tumor
CYC1,ENSG00000179091.4,0.43,KICH Tumor
RAB6A,ENSG00000175582.19,0.43,KICH Tumor
SYNGR2,ENSG00000108639.7,0.43,KICH Tumor
NOS1AP,ENSG00000198929.12,0.43,KICH Tumor
ABCB7,ENSG00000131269.15,0.43,KICH Tumor
TSG101,ENSG00000074319.12,0.43,KICH Tumor
SIK3,ENSG00000160584.15,0.43,KICH Tumor
C4orf19,ENSG00000154274.14,0.43,KICH Tumor
BTBD10,ENSG00000148925.10,0.43,KICH Tumor
RP11-568J23.2,ENSG00000279907.1,0.43,KICH Tumor
AP1G1,ENSG00000166747.12,0.43,KICH Tumor
YTHDF3,ENSG00000185728.16,0.43,KICH Tumor
HNRNPUL2-BSCL2,ENSG00000234857.2,0.43,KICH Tumor
PPTC7,ENSG00000196850.5,0.43,KICH Tumor
FBXO3,ENSG00000110429.13,0.43,KICH Tumor
EGLN3,ENSG00000129521.13,0.43,KICH Tumor
DUSP22,ENSG00000112679.14,0.43,KICH Tumor
KDM5C,ENSG00000126012.11,0.43,KICH Tumor
RP11-231P20.5,ENSG00000270733.1,0.43,KICH Tumor
SVIP,ENSG00000198168.8,0.43,KICH Tumor
AP001625.6,ENSG00000235772.1,0.43,KICH Tumor
TIRAP,ENSG00000150455.13,0.43,KICH Tumor
GRB7,ENSG00000141738.13,0.43,KICH Tumor
SMAP1,ENSG00000112305.14,0.43,KICH Tumor
ZNF704,ENSG00000164684.13,0.43,KICH Tumor
BCL2L2,ENSG00000129473.9,0.43,KICH Tumor
VPS37C,ENSG00000167987.10,0.43,KICH Tumor
COPS5,ENSG00000121022.13,0.43,KICH Tumor
FZD5,ENSG00000163251.3,0.43,KICH Tumor
VPS29,ENSG00000111237.18,0.43,KICH Tumor
ELOVL7,ENSG00000164181.13,0.43,KICH Tumor
SMYD2,ENSG00000143499.13,0.43,KICH Tumor
PFKFB2,ENSG00000123836.14,0.43,KICH Tumor
GPD2,ENSG00000115159.15,0.43,KICH Tumor
RAB35,ENSG00000111737.11,0.43,KICH Tumor
CREBZF,ENSG00000137504.13,0.43,KICH Tumor
SLC37A4,ENSG00000137700.16,0.43,KICH Tumor
CALM1,ENSG00000198668.10,0.43,KICH Tumor
IL23A,ENSG00000110944.8,0.43,KICH Tumor
MTSS1,ENSG00000170873.18,0.43,KICH Tumor
HCCS,ENSG00000004961.14,0.43,KICH Tumor
RP11-562A8.1,ENSG00000242737.1,0.43,KICH Tumor
RTKN,ENSG00000114993.15,0.43,KICH Tumor
MFN2,ENSG00000116688.16,0.43,KICH Tumor
VBP1,ENSG00000155959.10,0.43,KICH Tumor
ZYG11B,ENSG00000162378.12,0.43,KICH Tumor
ZNF66,ENSG00000160229.11,0.43,KICH Tumor
CMTM4,ENSG00000183723.12,0.43,KICH Tumor
KIAA1671,ENSG00000197077.12,0.43,KICH Tumor
HLA-DRA,ENSG00000204287.13,0.43,KICH Tumor
RP11-876N24.5,ENSG00000263013.1,0.43,KICH Tumor
NIPAL2,ENSG00000104361.9,0.43,KICH Tumor
ADD3,ENSG00000148700.13,0.43,KICH Tumor
HLA-DRB6,ENSG00000229391.7,0.43,KICH Tumor
GOSR1,ENSG00000108587.14,0.43,KICH Tumor
SP2,ENSG00000167182.12,0.43,KICH Tumor
PDP1,ENSG00000164951.15,0.43,KICH Tumor
FAM73A,ENSG00000180488.14,0.43,KICH Tumor
SLC39A9,ENSG00000029364.11,0.43,KICH Tumor
RAB21,ENSG00000080371.5,0.43,KICH Tumor
ZBED5,ENSG00000236287.7,0.43,KICH Tumor
TMEM9B,ENSG00000175348.10,0.43,KICH Tumor
RNF121,ENSG00000137522.17,0.43,KICH Tumor
CLUHP3,ENSG00000131797.12,0.43,KICH Tumor
RP11-314N13.10,ENSG00000274322.1,0.43,KICH Tumor
RBM23,ENSG00000100461.17,0.43,KICH Tumor
UBE2N,ENSG00000177889.9,0.43,KICH Tumor
UPRT,ENSG00000094841.13,0.43,KICH Tumor
TACSTD2,ENSG00000184292.6,0.43,KICH Tumor
FGGY,ENSG00000172456.16,0.43,KICH Tumor
MTMR8,ENSG00000102043.15,0.43,KICH Tumor
PTK2,ENSG00000169398.19,0.43,KICH Tumor
KIAA0391,ENSG00000100890.15,0.43,KICH Tumor
TACC1,ENSG00000147526.19,0.43,KICH Tumor
RCHY1,ENSG00000163743.13,0.43,KICH Tumor
FAR1,ENSG00000197601.12,0.43,KICH Tumor
ARHGEF5,ENSG00000050327.14,0.43,KICH Tumor
ANKRD13C,ENSG00000118454.12,0.43,KICH Tumor
MMP20,ENSG00000137674.3,0.43,KICH Tumor
ZNF563,ENSG00000188868.13,0.43,KICH Tumor
DICER1,ENSG00000100697.14,0.43,KICH Tumor
RCN2,ENSG00000117906.13,0.43,KICH Tumor
BTBD9,ENSG00000183826.16,0.43,KICH Tumor
ESRP2,ENSG00000103067.11,0.43,KICH Tumor
AASDHPPT,ENSG00000149313.10,0.43,KICH Tumor
ATG10,ENSG00000152348.15,0.43,KICH Tumor
MRPL15,ENSG00000137547.8,0.43,KICH Tumor
FEM1C,ENSG00000145780.7,0.43,KICH Tumor
SLC12A7,ENSG00000113504.19,0.43,KICH Tumor
FASTKD5,ENSG00000215251.3,0.43,KICH Tumor
FBXW4P1,ENSG00000230701.2,0.43,KICH Tumor
VPS35,ENSG00000069329.15,0.43,KICH Tumor
PINK1,ENSG00000158828.5,0.43,KICH Tumor
BIRC3,ENSG00000023445.13,0.43,KICH Tumor
AP5M1,ENSG00000053770.11,0.43,KICH Tumor
SYT10,ENSG00000110975.8,0.43,KICH Tumor
EPN3,ENSG00000049283.17,0.43,KICH Tumor
PEX1,ENSG00000127980.15,0.43,KICH Tumor
PPP6R3,ENSG00000110075.14,0.43,KICH Tumor
SMIM12,ENSG00000163866.8,0.43,KICH Tumor
BCL2L11,ENSG00000153094.21,0.43,KICH Tumor
GRHL3,ENSG00000158055.15,0.43,KICH Tumor
RP5-994D16.9,ENSG00000228452.1,0.43,KICH Tumor
GULP1,ENSG00000144366.15,0.42,KICH Tumor
EIF5,ENSG00000100664.10,0.42,KICH Tumor
GK,ENSG00000198814.12,0.42,KICH Tumor
TMEM62,ENSG00000137842.6,0.42,KICH Tumor
CAT,ENSG00000121691.4,0.42,KICH Tumor
SLC30A9,ENSG00000014824.13,0.42,KICH Tumor
G3BP2,ENSG00000138757.14,0.42,KICH Tumor
DDX6,ENSG00000110367.11,0.42,KICH Tumor
LMTK2,ENSG00000164715.5,0.42,KICH Tumor
UBE2A,ENSG00000077721.15,0.42,KICH Tumor
DDX19A,ENSG00000168872.15,0.42,KICH Tumor
PPP2R1B,ENSG00000137713.15,0.42,KICH Tumor
OCLN,ENSG00000197822.10,0.42,KICH Tumor
CNN3,ENSG00000117519.15,0.42,KICH Tumor
TSPAN1,ENSG00000117472.9,0.42,KICH Tumor
C2orf69,ENSG00000178074.5,0.42,KICH Tumor
ABHD11,ENSG00000106077.18,0.42,KICH Tumor
TPM3P6,ENSG00000250731.1,0.42,KICH Tumor
HARS2,ENSG00000112855.14,0.42,KICH Tumor
LAP3P2,ENSG00000213500.3,0.42,KICH Tumor
B4GALT6,ENSG00000118276.11,0.42,KICH Tumor
TLR2,ENSG00000137462.6,0.42,KICH Tumor
FTH1,ENSG00000167996.15,0.42,KICH Tumor
C14orf169,ENSG00000170468.7,0.42,KICH Tumor
SPATA45,ENSG00000185523.6,0.42,KICH Tumor
GSR,ENSG00000104687.12,0.42,KICH Tumor
LRRC40,ENSG00000066557.5,0.42,KICH Tumor
CMTM6,ENSG00000091317.7,0.42,KICH Tumor
NAV2,ENSG00000166833.19,0.42,KICH Tumor
SNX4,ENSG00000114520.10,0.42,KICH Tumor
RP11-20I23.3,ENSG00000259784.1,0.42,KICH Tumor
KDM6B,ENSG00000132510.10,0.42,KICH Tumor
PEX2,ENSG00000164751.14,0.42,KICH Tumor
RP1-151F17.1,ENSG00000229931.1,0.42,KICH Tumor
STRN3,ENSG00000196792.11,0.42,KICH Tumor
CNIH1,ENSG00000100528.11,0.42,KICH Tumor
ITPKC,ENSG00000086544.2,0.42,KICH Tumor
UBE2H,ENSG00000186591.11,0.42,KICH Tumor
ATP5S,ENSG00000125375.14,0.42,KICH Tumor
PITPNA,ENSG00000174238.14,0.42,KICH Tumor
PABPC4L,ENSG00000254535.3,0.42,KICH Tumor
SCAMP2,ENSG00000140497.16,0.42,KICH Tumor
CISD2,ENSG00000145354.9,0.42,KICH Tumor
NARS,ENSG00000134440.11,0.42,KICH Tumor
TUB,ENSG00000166402.8,0.42,KICH Tumor
TRIM33,ENSG00000197323.10,0.42,KICH Tumor
PIK3R3,ENSG00000117461.14,0.42,KICH Tumor
DENND2D,ENSG00000162777.16,0.42,KICH Tumor
RAB11FIP1,ENSG00000156675.15,0.42,KICH Tumor
FAM177A1,ENSG00000151327.12,0.42,KICH Tumor
RP4-541C22.5,ENSG00000255202.1,0.42,KICH Tumor
EPS15,ENSG00000085832.16,0.42,KICH Tumor
HTT,ENSG00000197386.10,0.42,KICH Tumor
C5orf47,ENSG00000185056.9,0.42,KICH Tumor
PKN2,ENSG00000065243.18,0.42,KICH Tumor
SARAF,ENSG00000133872.13,0.42,KICH Tumor
MLLT4,ENSG00000130396.20,0.42,KICH Tumor
UHRF1BP1,ENSG00000065060.16,0.42,KICH Tumor
TMEM87A,ENSG00000103978.15,0.42,KICH Tumor
C8orf37,ENSG00000156172.5,0.42,KICH Tumor
UTRN,ENSG00000152818.18,0.42,KICH Tumor
N4BP3,ENSG00000145911.5,0.42,KICH Tumor
MIR100HG,ENSG00000255090.5,0.42,KICH Tumor
FUCA1,ENSG00000179163.11,0.42,KICH Tumor
TMEM68,ENSG00000167904.14,0.42,KICH Tumor
ACAD8,ENSG00000151498.11,0.42,KICH Tumor
LL22NC03-2H8.4,ENSG00000234630.1,0.42,KICH Tumor
RELA,ENSG00000173039.18,0.42,KICH Tumor
ARL1,ENSG00000120805.13,0.42,KICH Tumor
IL13RA1,ENSG00000131724.10,0.42,KICH Tumor
UBE2D4,ENSG00000078967.12,0.42,KICH Tumor
SCOC,ENSG00000153130.17,0.42,KICH Tumor
KLHL28,ENSG00000179454.13,0.42,KICH Tumor
SGK3,ENSG00000104205.12,0.42,KICH Tumor
HMGB3,ENSG00000029993.14,0.42,KICH Tumor
SORD2P,ENSG00000259479.6,0.42,KICH Tumor
MERTK,ENSG00000153208.16,0.42,KICH Tumor
TMX2,ENSG00000213593.9,0.42,KICH Tumor
RBM12B,ENSG00000183808.11,0.42,KICH Tumor
POLR2C,ENSG00000102978.12,0.42,KICH Tumor
CTD-2410N18.3,ENSG00000270177.1,0.42,KICH Tumor
PSMA1,ENSG00000129084.17,0.42,KICH Tumor
GPC6,ENSG00000183098.10,0.42,KICH Tumor
PEX19,ENSG00000162735.18,0.42,KICH Tumor
REEP5,ENSG00000129625.12,0.42,KICH Tumor
AP1AR,ENSG00000138660.11,0.42,KICH Tumor
CTTN,ENSG00000085733.15,0.42,KICH Tumor
MRVI1,ENSG00000072952.18,0.42,KICH Tumor
C11orf30,ENSG00000158636.16,0.42,KICH Tumor
USP33,ENSG00000077254.14,0.42,KICH Tumor
ACADM,ENSG00000117054.13,0.42,KICH Tumor
RP11-727A23.1,ENSG00000241020.1,0.42,KICH Tumor
MMGT1,ENSG00000169446.5,0.42,KICH Tumor
PIPOX,ENSG00000179761.11,0.42,KICH Tumor
ATP5F1,ENSG00000116459.10,0.42,KICH Tumor
CTBS,ENSG00000117151.12,0.42,KICH Tumor
YIPF6,ENSG00000181704.11,0.42,KICH Tumor
TMEM33,ENSG00000109133.12,0.42,KICH Tumor
HACD2,ENSG00000206527.9,0.42,KICH Tumor
EIF1AX,ENSG00000173674.10,0.42,KICH Tumor
ADI1,ENSG00000182551.13,0.42,KICH Tumor
DYNLL2,ENSG00000264364.2,0.42,KICH Tumor
ANAPC10,ENSG00000164162.12,0.42,KICH Tumor
SPIDR,ENSG00000164808.16,0.42,KICH Tumor
FBXL4,ENSG00000112234.8,0.42,KICH Tumor
RP11-73E17.2,ENSG00000258738.1,0.42,KICH Tumor
TAX1BP1,ENSG00000106052.13,0.42,KICH Tumor
GAB2,ENSG00000033327.12,0.42,KICH Tumor
EIF4E,ENSG00000151247.12,0.42,KICH Tumor
MTMR1,ENSG00000063601.16,0.42,KICH Tumor
CCL24,ENSG00000106178.6,0.42,KICH Tumor
GSTZ1,ENSG00000100577.18,0.42,KICH Tumor
SEPT4-AS1,ENSG00000264672.5,0.42,KICH Tumor
ANK3,ENSG00000151150.20,0.42,KICH Tumor
RP13-580F15.2,ENSG00000262823.1,0.42,KICH Tumor
TSPYL4,ENSG00000187189.10,0.42,KICH Tumor
JAK1,ENSG00000162434.11,0.42,KICH Tumor
GCC1,ENSG00000179562.2,0.42,KICH Tumor
POM121C,ENSG00000272391.5,0.42,KICH Tumor
FBXO7,ENSG00000100225.17,0.42,KICH Tumor
BRCC3,ENSG00000185515.14,0.42,KICH Tumor
TYW5,ENSG00000162971.10,0.42,KICH Tumor
MYO5A,ENSG00000197535.14,0.42,KICH Tumor
STK32A,ENSG00000169302.14,0.42,KICH Tumor
RP11-356O9.2,ENSG00000259087.5,0.42,KICH Tumor
TIMM8B,ENSG00000150779.11,0.42,KICH Tumor
SFT2D2,ENSG00000213064.9,0.42,KICH Tumor
RMDN3,ENSG00000137824.15,0.42,KICH Tumor
CCDC47,ENSG00000108588.13,0.42,KICH Tumor
GPR55,ENSG00000135898.9,0.42,KICH Tumor
ZSCAN16,ENSG00000196812.4,0.42,KICH Tumor
CHI3L2,ENSG00000064886.13,0.42,KICH Tumor
PREP,ENSG00000085377.13,0.41,KICH Tumor
RSAD2,ENSG00000134321.11,0.41,KICH Tumor
KDM6A,ENSG00000147050.14,0.41,KICH Tumor
FBXO25,ENSG00000147364.16,0.41,KICH Tumor
RAP1GDS1,ENSG00000138698.14,0.41,KICH Tumor
GTPBP8,ENSG00000163607.14,0.41,KICH Tumor
CYP4F3,ENSG00000186529.14,0.41,KICH Tumor
PDHA1,ENSG00000131828.13,0.41,KICH Tumor
FAM111A,ENSG00000166801.15,0.41,KICH Tumor
NINJ2,ENSG00000171840.11,0.41,KICH Tumor
CGN,ENSG00000143375.14,0.41,KICH Tumor
TMEM125,ENSG00000179178.10,0.41,KICH Tumor
ACAD10,ENSG00000111271.14,0.41,KICH Tumor
XBP1,ENSG00000100219.16,0.41,KICH Tumor
ETV7,ENSG00000010030.13,0.41,KICH Tumor
SLC50A1,ENSG00000169241.17,0.41,KICH Tumor
KATNBL1P6,ENSG00000228283.3,0.41,KICH Tumor
ZNF721,ENSG00000182903.15,0.41,KICH Tumor
TM2D1,ENSG00000162604.12,0.41,KICH Tumor
AC008074.1,ENSG00000279644.1,0.41,KICH Tumor
SOS2,ENSG00000100485.11,0.41,KICH Tumor
TINF2,ENSG00000092330.15,0.41,KICH Tumor
GSTP1,ENSG00000084207.15,0.41,KICH Tumor
PRKRIRP7,ENSG00000253919.1,0.41,KICH Tumor
PICK1,ENSG00000100151.15,0.41,KICH Tumor
MPPED2,ENSG00000066382.16,0.41,KICH Tumor
LNX2,ENSG00000139517.7,0.41,KICH Tumor
LGALS3,ENSG00000131981.15,0.41,KICH Tumor
NUDT15,ENSG00000136159.3,0.41,KICH Tumor
COG6,ENSG00000133103.16,0.41,KICH Tumor
BRD2,ENSG00000204256.12,0.41,KICH Tumor
PIGX,ENSG00000163964.13,0.41,KICH Tumor
CIITA,ENSG00000179583.17,0.41,KICH Tumor
RP11-73M18.2,ENSG00000256500.5,0.41,KICH Tumor
SCAF8,ENSG00000213079.9,0.41,KICH Tumor
UFL1,ENSG00000014123.9,0.41,KICH Tumor
ELMO3,ENSG00000102890.14,0.41,KICH Tumor
GFPT1,ENSG00000198380.12,0.41,KICH Tumor
SLC16A14,ENSG00000163053.10,0.41,KICH Tumor
STAU2,ENSG00000040341.17,0.41,KICH Tumor
RSPRY1,ENSG00000159579.13,0.41,KICH Tumor
TMEM135,ENSG00000166575.16,0.41,KICH Tumor
PPAP2B,ENSG00000162407.8,0.41,KICH Tumor
GANAB,ENSG00000089597.16,0.41,KICH Tumor
CR1L,ENSG00000197721.16,0.41,KICH Tumor
RAB38,ENSG00000123892.11,0.41,KICH Tumor
OTUD6B-AS1,ENSG00000253738.1,0.41,KICH Tumor
ZNF675,ENSG00000197372.9,0.41,KICH Tumor
CCDC132,ENSG00000004766.15,0.41,KICH Tumor
UGP2,ENSG00000169764.14,0.41,KICH Tumor
C5orf30,ENSG00000181751.9,0.41,KICH Tumor
LONP2,ENSG00000102910.13,0.41,KICH Tumor
TRPM7,ENSG00000092439.13,0.41,KICH Tumor
AIMP2,ENSG00000106305.9,0.41,KICH Tumor
COPS4,ENSG00000138663.8,0.41,KICH Tumor
LACE1,ENSG00000135537.16,0.41,KICH Tumor
TRAF6,ENSG00000175104.14,0.41,KICH Tumor
AC005082.12,ENSG00000226816.2,0.41,KICH Tumor
XIAP,ENSG00000101966.12,0.41,KICH Tumor
LINC01564,ENSG00000235899.1,0.41,KICH Tumor
TMX1,ENSG00000139921.12,0.41,KICH Tumor
CTD-2572N17.1,ENSG00000255109.5,0.41,KICH Tumor
ALG14,ENSG00000172339.9,0.41,KICH Tumor
RP11-214F16.8,ENSG00000280710.2,0.41,KICH Tumor
ADGRG1,ENSG00000205336.11,0.41,KICH Tumor
C14orf119,ENSG00000179933.5,0.41,KICH Tumor
CLEC17A,ENSG00000187912.11,0.41,KICH Tumor
TOX4,ENSG00000092203.13,0.41,KICH Tumor
CFLAR,ENSG00000003402.19,0.41,KICH Tumor
PDK3,ENSG00000067992.12,0.41,KICH Tumor
ELF3,ENSG00000163435.15,0.41,KICH Tumor
CTNNA1,ENSG00000044115.20,0.41,KICH Tumor
SULT1C2P1,ENSG00000237223.6,0.41,KICH Tumor
ANKEF1,ENSG00000132623.15,0.41,KICH Tumor
VAPA,ENSG00000101558.13,0.41,KICH Tumor
RNF11,ENSG00000123091.4,0.41,KICH Tumor
RP1-122P22.2,ENSG00000233895.1,0.41,KICH Tumor
PGM2,ENSG00000169299.13,0.41,KICH Tumor
WSB1,ENSG00000109046.14,0.41,KICH Tumor
DECR1,ENSG00000104325.6,0.41,KICH Tumor
BCR,ENSG00000186716.19,0.41,KICH Tumor
RP11-61N20.3,ENSG00000226268.3,0.41,KICH Tumor
WWC1,ENSG00000113645.13,0.41,KICH Tumor
ELF4,ENSG00000102034.16,0.41,KICH Tumor
CCBL2,ENSG00000137944.16,0.41,KICH Tumor
TP53TG1_2,ENSG00000276185.1,0.41,KICH Tumor
APOL2,ENSG00000128335.13,0.41,KICH Tumor
KRT18P38,ENSG00000214012.4,0.41,KICH Tumor
WWTR1-AS1,ENSG00000241313.2,0.41,KICH Tumor
SLAIN2,ENSG00000109171.14,0.41,KICH Tumor
LIPC,ENSG00000166035.10,0.41,KICH Tumor
ACO2,ENSG00000100412.15,0.41,KICH Tumor
LINC00964,ENSG00000249816.6,0.41,KICH Tumor
RAB1B,ENSG00000174903.14,0.41,KICH Tumor
MAP3K1,ENSG00000095015.5,0.41,KICH Tumor
APIP,ENSG00000149089.12,0.41,KICH Tumor
RP11-769O8.1,ENSG00000266171.1,0.41,KICH Tumor
USO1,ENSG00000138768.14,0.41,KICH Tumor
SDHDP2,ENSG00000227073.1,0.41,KICH Tumor
AKT2,ENSG00000105221.16,0.41,KICH Tumor
TPD52,ENSG00000076554.15,0.41,KICH Tumor
CYFIP1,ENSG00000273749.4,0.41,KICH Tumor
ACSS3,ENSG00000111058.7,0.41,KICH Tumor
RAB43,ENSG00000172780.16,0.41,KICH Tumor
LAPTM4B,ENSG00000104341.16,0.41,KICH Tumor
DDAH1,ENSG00000153904.18,0.41,KICH Tumor
FAM210A,ENSG00000177150.12,0.41,KICH Tumor
AIFM1,ENSG00000156709.13,0.41,KICH Tumor
RP11-750H9.5,ENSG00000255197.5,0.41,KICH Tumor
TRIM26,ENSG00000234127.8,0.41,KICH Tumor
GCLC,ENSG00000001084.10,0.41,KICH Tumor
PICALM,ENSG00000073921.17,0.41,KICH Tumor
VPS53,ENSG00000141252.19,0.41,KICH Tumor
FRY,ENSG00000073910.19,0.41,KICH Tumor
UBA1,ENSG00000130985.16,0.41,KICH Tumor
ALKBH3,ENSG00000166199.12,0.41,KICH Tumor
IDH3B,ENSG00000101365.20,0.41,KICH Tumor
C9orf41,ENSG00000156017.12,0.41,KICH Tumor
ATG4B,ENSG00000168397.16,0.41,KICH Tumor
TMEM123,ENSG00000152558.14,0.41,KICH Tumor
CPSF7,ENSG00000149532.15,0.41,KICH Tumor
HEATR5A,ENSG00000129493.14,0.41,KICH Tumor
PCGF5,ENSG00000180628.14,0.41,KICH Tumor
KCNQ1,ENSG00000053918.15,0.41,KICH Tumor
GFI1,ENSG00000162676.11,0.41,KICH Tumor
PRKAA2,ENSG00000162409.10,0.41,KICH Tumor
CSTF2,ENSG00000101811.13,0.41,KICH Tumor
TRIP11,ENSG00000100815.12,0.41,KICH Tumor
LAMP2,ENSG00000005893.15,0.41,KICH Tumor
TBCEL,ENSG00000154114.12,0.41,KICH Tumor
RP1-37E16.12,ENSG00000281932.1,0.41,KICH Tumor
COA1,ENSG00000106603.17,0.41,KICH Tumor
RP11-73M7.1,ENSG00000229167.1,0.41,KICH Tumor
ARL6IP5,ENSG00000144746.6,0.41,KICH Tumor
DHDDS,ENSG00000117682.16,0.41,KICH Tumor
LLPH,ENSG00000139233.6,0.41,KICH Tumor
ZNF678,ENSG00000181450.17,0.41,KICH Tumor
SUV420H1,ENSG00000110066.14,0.41,KICH Tumor
CCAT2,ENSG00000280997.1,0.41,KICH Tumor
NCOA2,ENSG00000140396.12,0.41,KICH Tumor
PGRMC2,ENSG00000164040.16,0.41,KICH Tumor
CCDC176,ENSG00000119636.15,0.4,KICH Tumor
RER1,ENSG00000157916.18,0.4,KICH Tumor
RP11-289I10.2,ENSG00000223612.3,0.4,KICH Tumor
CHRAC1,ENSG00000104472.9,0.4,KICH Tumor
MKRN1,ENSG00000133606.10,0.4,KICH Tumor
RP5-894A10.6,ENSG00000270157.1,0.4,KICH Tumor
NAPG,ENSG00000134265.12,0.4,KICH Tumor
WWP1,ENSG00000123124.13,0.4,KICH Tumor
SLC16A7,ENSG00000118596.11,0.4,KICH Tumor
CMTR2,ENSG00000180917.16,0.4,KICH Tumor
RP11-7F17.5,ENSG00000246548.3,0.4,KICH Tumor
CHMP4A,ENSG00000254505.8,0.4,KICH Tumor
TRAFD1,ENSG00000135148.11,0.4,KICH Tumor
LEMD3,ENSG00000174106.2,0.4,KICH Tumor
AC000068.5,ENSG00000185065.6,0.4,KICH Tumor
RP11-483I13.5,ENSG00000260879.1,0.4,KICH Tumor
RANBP3L,ENSG00000164188.8,0.4,KICH Tumor
RCOR1,ENSG00000089902.9,0.4,KICH Tumor
RP1-232L22__B.1,ENSG00000178146.9,0.4,KICH Tumor
STIM1,ENSG00000167323.9,0.4,KICH Tumor
FTH1P7,ENSG00000232187.1,0.4,KICH Tumor
LIG3,ENSG00000005156.11,0.4,KICH Tumor
PTPRF,ENSG00000142949.16,0.4,KICH Tumor
L2HGDH,ENSG00000087299.11,0.4,KICH Tumor
LAMP1,ENSG00000185896.10,0.4,KICH Tumor
FMN1,ENSG00000248905.8,0.4,KICH Tumor
RP11-255H23.2,ENSG00000233836.7,0.4,KICH Tumor
MAEA,ENSG00000090316.15,0.4,KICH Tumor
DHRS4-AS1,ENSG00000215256.3,0.4,KICH Tumor
AC008982.2,ENSG00000269688.1,0.4,KICH Tumor
SUDS3,ENSG00000111707.11,0.4,KICH Tumor
GLYR1,ENSG00000140632.16,0.4,KICH Tumor
PAK6,ENSG00000137843.11,0.4,KICH Tumor
DDRGK1,ENSG00000198171.12,0.4,KICH Tumor
RP11-789C1.1,ENSG00000250266.1,0.4,KICH Tumor
ZFYVE26,ENSG00000072121.15,0.4,KICH Tumor
RP11-8P13.5,ENSG00000274976.1,0.4,KICH Tumor
RPP14,ENSG00000255154.7,0.4,KICH Tumor
CCNK,ENSG00000090061.17,0.4,KICH Tumor
CARD11,ENSG00000198286.9,0.4,KICH Tumor
RP11-172H24.4,ENSG00000278291.1,0.4,KICH Tumor
CNOT6L,ENSG00000138767.12,0.4,KICH Tumor
POC1B,ENSG00000139323.13,0.4,KICH Tumor
BARX2,ENSG00000043039.6,0.4,KICH Tumor
KLHL11,ENSG00000178502.5,0.4,KICH Tumor
IDH1,ENSG00000138413.13,0.4,KICH Tumor
ASB16,ENSG00000161664.6,0.4,KICH Tumor
PSMA1,ENSG00000256206.2,0.4,KICH Tumor
MON1B,ENSG00000103111.14,0.4,KICH Tumor
AMN1,ENSG00000151743.10,0.4,KICH Tumor
IRF1,ENSG00000125347.13,0.4,KICH Tumor
NDUFA6,ENSG00000184983.9,0.4,KICH Tumor
RNF185,ENSG00000138942.15,0.4,KICH Tumor
AHCYL2,ENSG00000158467.16,0.4,KICH Tumor
HDAC8,ENSG00000147099.19,0.4,KICH Tumor
RP11-797A18.5,ENSG00000278991.1,0.4,KICH Tumor
PDK1,ENSG00000152256.13,0.4,KICH Tumor
RARRES3,ENSG00000133321.10,0.4,KICH Tumor
DGCR12,ENSG00000281530.1,0.4,KICH Tumor
SLC35A2,ENSG00000102100.14,0.4,KICH Tumor
KLF10,ENSG00000155090.14,0.4,KICH Tumor
AKIRIN1,ENSG00000174574.15,0.4,KICH Tumor
MGAT2,ENSG00000168282.5,0.4,KICH Tumor
RP11-755F10.1,ENSG00000255320.1,0.4,KICH Tumor
CIPC,ENSG00000198894.7,0.4,KICH Tumor
SNAPC5,ENSG00000174446.12,0.4,KICH Tumor
FAM91A3P,ENSG00000242352.2,0.4,KICH Tumor
KRT18P63,ENSG00000235413.3,0.4,KICH Tumor
ACSL3,ENSG00000123983.13,0.4,KICH Tumor
CAB39L,ENSG00000102547.18,0.4,KICH Tumor
PCNX,ENSG00000100731.15,0.4,KICH Tumor
SLC9A2,ENSG00000115616.2,0.4,KICH Tumor
RASEF,ENSG00000165105.9,0.4,KICH Tumor
RP11-730K11.1,ENSG00000246790.2,0.4,KICH Tumor
CD83,ENSG00000112149.9,0.4,KICH Tumor
SRP9P1,ENSG00000180581.7,0.4,KICH Tumor
ATP5J2-PTCD1,ENSG00000248919.7,0.4,KICH Tumor
HERC3,ENSG00000138641.15,0.4,KICH Tumor
OSGIN1,ENSG00000140961.12,0.4,KICH Tumor
SOWAHB,ENSG00000186212.3,0.4,KICH Tumor
CDKL1,ENSG00000100490.9,0.4,KICH Tumor
LUZP1,ENSG00000169641.13,0.4,KICH Tumor
SPTB,ENSG00000070182.17,0.4,KICH Tumor
C2orf47,ENSG00000162972.10,0.4,KICH Tumor
STAG2,ENSG00000101972.18,0.4,KICH Tumor
TTC41P,ENSG00000214198.7,0.4,KICH Tumor
RP1-39G22.4,ENSG00000231296.1,0.4,KICH Tumor
UBR7,ENSG00000012963.13,0.4,KICH Tumor
AC010524.2,ENSG00000268686.1,0.4,KICH Tumor
NDUFV1,ENSG00000167792.11,0.4,KICH Tumor
HLA-DOB,ENSG00000241106.6,0.4,KICH Tumor
TIMM17A,ENSG00000134375.10,0.4,KICH Tumor
MCTS1,ENSG00000232119.7,0.4,KICH Tumor
LRRC8D,ENSG00000171492.14,0.4,KICH Tumor
GPBP1L1,ENSG00000159592.10,0.4,KICH Tumor
VPREB3,ENSG00000128218.7,0.4,KICH Tumor
CCDC150P1,ENSG00000256304.1,0.4,KICH Tumor
NAA15,ENSG00000164134.12,0.4,KICH Tumor
LINC01347,ENSG00000214837.8,0.4,KICH Tumor
KIAA0922,ENSG00000121210.15,0.4,KICH Tumor
NDUFS2,ENSG00000158864.12,0.4,KICH Tumor
ERGIC2,ENSG00000087502.17,0.4,KICH Tumor
MFAP3L,ENSG00000198948.11,0.4,KICH Tumor
NECAP1,ENSG00000089818.16,0.4,KICH Tumor
RP11-848P1.9,ENSG00000266865.6,0.4,KICH Tumor
BECN1,ENSG00000126581.12,0.4,KICH Tumor
NDUFAF4,ENSG00000123545.5,0.4,KICH Tumor
PGM2L1,ENSG00000165434.7,0.4,KICH Tumor
ANKMY2,ENSG00000106524.8,0.4,KICH Tumor
AC016292.3,ENSG00000108958.4,0.4,KICH Tumor
RP11-544O24.2,ENSG00000274423.1,0.4,KICH Tumor
LNX1,ENSG00000072201.13,0.4,KICH Tumor
AAGAB,ENSG00000103591.12,0.4,KICH Tumor
ATP6V1E1,ENSG00000131100.12,0.4,KICH Tumor
ZHX2,ENSG00000178764.7,0.4,KICH Tumor
UBIAD1,ENSG00000120942.13,0.4,KICH Tumor
AFG3L2,ENSG00000141385.9,0.4,KICH Tumor
CACNA1D,ENSG00000157388.13,0.4,KICH Tumor
DBT,ENSG00000137992.14,0.4,KICH Tumor
ANKRD62P1,ENSG00000259271.1,0.4,KICH Tumor
CELF1,ENSG00000149187.17,0.4,KICH Tumor
H1F0,ENSG00000189060.5,0.4,KICH Tumor
KPNA6,ENSG00000025800.13,0.4,KICH Tumor
PRSS8,ENSG00000052344.15,0.4,KICH Tumor
SNX24,ENSG00000064652.10,0.4,KICH Tumor
MTTP,ENSG00000138823.12,0.4,KICH Tumor
ZDHHC14,ENSG00000175048.16,0.4,KICH Tumor
RUNDC1,ENSG00000198863.7,0.4,KICH Tumor
TCEB3,ENSG00000011007.12,0.4,KICH Tumor
RP11-766F14.2,ENSG00000248713.1,0.4,KICH Tumor
ACOX3,ENSG00000087008.15,0.4,KICH Tumor
FPGT,ENSG00000254685.6,0.4,KICH Tumor
ENPP5,ENSG00000112796.9,0.4,KICH Tumor
SYPL1,ENSG00000008282.7,0.4,KICH Tumor
LHFPL1,ENSG00000182508.13,0.4,KICH Tumor
GPNMB,ENSG00000136235.15,0.4,KICH Tumor
USP47,ENSG00000170242.17,0.4,KICH Tumor
NOP9,ENSG00000196943.12,0.4,KICH Tumor
AKTIP,ENSG00000166971.16,0.4,KICH Tumor
PIR,ENSG00000087842.10,0.4,KICH Tumor
DERL1,ENSG00000136986.9,0.4,KICH Tumor
MRPL35,ENSG00000132313.14,0.4,KICH Tumor
NRG4,ENSG00000169752.16,0.4,KICH Tumor
FAM91A1,ENSG00000176853.15,0.4,KICH Tumor
SNX19,ENSG00000120451.10,0.4,KICH Tumor
YWHAB,ENSG00000166913.12,0.4,KICH Tumor
TADA2B,ENSG00000173011.11,0.4,KICH Tumor
VPS13D,ENSG00000048707.13,0.4,KICH Tumor
AC234582.1,ENSG00000279487.1,0.4,KICH Tumor
SLC25A35,ENSG00000125434.10,0.4,KICH Tumor
TRMT2B,ENSG00000188917.14,0.4,KICH Tumor
RP5-903G2.2,ENSG00000254610.2,0.4,KICH Tumor
THTPA,ENSG00000259431.5,0.4,KICH Tumor
RP1-128M12.3,ENSG00000257624.1,0.4,KICH Tumor
SCGB2A1,ENSG00000124939.5,0.4,KICH Tumor
TCEANC,ENSG00000176896.8,0.4,KICH Tumor
HIBADH,ENSG00000106049.8,0.4,KICH Tumor
NDUFA9,ENSG00000139180.10,0.4,KICH Tumor
TOR3A,ENSG00000186283.13,0.4,KICH Tumor
RP11-42H13.1,ENSG00000279420.1,0.4,KICH Tumor
SMC1A,ENSG00000072501.17,0.4,KICH Tumor
MAPK13,ENSG00000156711.16,0.4,KICH Tumor
SUCLG2,ENSG00000172340.14,0.4,KICH Tumor
